Albums-AnaBelen_Veneo-01,0,0,0,1,0,0,0,0
Albums-AnaBelen_Veneo-02,0,0,0,0,1,0,0,0
Albums-AnaBelen_Veneo-03,0,0,0,1,0,0,0,0
Albums-AnaBelen_Veneo-11,0,0,1,0,0,0,0,0
Albums-AnaBelen_Veneo-13,0,0,0,1,0,0,0,0
Albums-AnaBelen_Veneo-15,0,0,0,1,0,0,0,0
Albums-Ballroom_Classics4-01,0,0,0,0,0,0,0,1
Albums-Ballroom_Classics4-02,0,0,0,0,0,0,0,1
Albums-Ballroom_Classics4-03,0,0,0,0,0,0,0,1
Albums-Ballroom_Classics4-04,0,0,0,0,0,0,0,1
Albums-Ballroom_Classics4-05,0,0,0,0,0,0,0,1
Albums-Ballroom_Classics4-06,0,0,0,0,0,1,0,0
Albums-Ballroom_Classics4-07,0,0,0,0,0,1,0,0
Albums-Ballroom_Classics4-08,0,0,0,0,0,1,0,0
Albums-Ballroom_Classics4-09,0,0,0,0,0,1,0,0
Albums-Ballroom_Classics4-10,0,0,0,0,0,1,0,0
Albums-Ballroom_Classics4-11,0,0,0,0,0,0,1,0
Albums-Ballroom_Classics4-12,0,0,0,0,0,0,1,0
Albums-Ballroom_Classics4-13,0,0,0,0,0,0,1,0
Albums-Ballroom_Classics4-14,0,0,0,0,0,0,1,0
Albums-Ballroom_Classics4-18,0,0,1,0,0,0,0,0
Albums-Ballroom_Classics4-19,0,0,1,0,0,0,0,0
Albums-Ballroom_Classics4-20,0,0,1,0,0,0,0,0
Albums-Ballroom_Magic-01,0,0,0,0,0,0,0,1
Albums-Ballroom_Magic-02,0,0,0,0,0,0,0,1
Albums-Ballroom_Magic-03,0,0,0,0,0,0,0,1
Albums-Ballroom_Magic-04,0,0,0,0,0,0,0,1
Albums-Ballroom_Magic-05,0,0,0,0,0,0,0,1
Albums-Ballroom_Magic-06,0,0,0,0,0,1,0,0
Albums-Ballroom_Magic-07,0,0,0,0,0,1,0,0
Albums-Ballroom_Magic-08,0,0,0,0,0,1,0,0
Albums-Ballroom_Magic-09,0,0,0,0,0,0,1,0
Albums-Ballroom_Magic-10,0,0,0,0,0,0,1,0
Albums-Ballroom_Magic-11,0,0,0,0,0,0,1,0
Albums-Ballroom_Magic-15,0,0,1,0,0,0,0,0
Albums-Ballroom_Magic-16,0,0,1,0,0,0,0,0
Albums-Ballroom_Magic-17,0,0,1,0,0,0,0,0
Albums-Ballroom_Magic-18,0,0,0,0,0,0,0,1
Albums-Cafe_Paradiso-01,0,0,0,0,1,0,0,0
Albums-Cafe_Paradiso-02,0,0,0,0,1,0,0,0
Albums-Cafe_Paradiso-03,0,0,0,0,1,0,0,0
Albums-Cafe_Paradiso-04,0,0,0,0,1,0,0,0
Albums-Cafe_Paradiso-05,1,0,0,0,0,0,0,0
Albums-Cafe_Paradiso-06,1,0,0,0,0,0,0,0
Albums-Cafe_Paradiso-07,1,0,0,0,0,0,0,0
Albums-Cafe_Paradiso-08,1,0,0,0,0,0,0,0
Albums-Cafe_Paradiso-09,0,0,0,1,0,0,0,0
Albums-Cafe_Paradiso-10,0,0,0,1,0,0,0,0
Albums-Cafe_Paradiso-11,0,0,0,1,0,0,0,0
Albums-Cafe_Paradiso-12,0,0,0,1,0,0,0,0
Albums-Cafe_Paradiso-14,0,1,0,0,0,0,0,0
Albums-Cafe_Paradiso-15,0,1,0,0,0,0,0,0
Albums-Cafe_Paradiso-16,0,1,0,0,0,0,0,0
Albums-Chrisanne1-01,0,0,0,0,0,0,0,1
Albums-Chrisanne1-02,0,0,0,0,0,0,0,1
Albums-Chrisanne1-03,0,0,0,0,0,0,0,1
Albums-Chrisanne1-04,0,0,0,0,0,1,0,0
Albums-Chrisanne1-05,0,0,0,0,0,1,0,0
Albums-Chrisanne1-06,0,0,0,0,0,1,0,0
Albums-Chrisanne1-07,0,0,0,0,0,0,1,0
Albums-Chrisanne1-08,0,0,0,0,0,0,1,0
Albums-Chrisanne1-12,0,0,1,0,0,0,0,0
Albums-Chrisanne1-13,0,0,1,0,0,0,0,0
Albums-Chrisanne1-14,0,0,1,0,0,0,0,0
Albums-Chrisanne2-01,0,0,0,0,0,0,0,1
Albums-Chrisanne2-02,0,0,0,0,0,0,0,1
Albums-Chrisanne2-03,0,0,0,0,0,0,0,1
Albums-Chrisanne2-04,0,0,0,0,0,1,0,0
Albums-Chrisanne2-05,0,0,0,0,0,1,0,0
Albums-Chrisanne2-06,0,0,0,0,0,1,0,0
Albums-Chrisanne2-07,0,0,0,0,0,0,1,0
Albums-Chrisanne2-11,0,0,1,0,0,0,0,0
Albums-Chrisanne2-12,0,0,1,0,0,0,0,0
Albums-Chrisanne3-01,0,0,0,0,0,0,0,1
Albums-Chrisanne3-02,0,0,0,0,0,0,0,1
Albums-Chrisanne3-03,0,0,0,0,0,0,0,1
Albums-Chrisanne3-04,0,0,0,0,0,1,0,0
Albums-Chrisanne3-05,0,0,0,0,0,1,0,0
Albums-Chrisanne3-06,0,0,0,0,0,1,0,0
Albums-Chrisanne3-07,0,0,0,0,0,0,1,0
Albums-Chrisanne3-08,0,0,0,0,0,0,1,0
Albums-Chrisanne3-09,0,0,0,0,0,0,1,0
Albums-Chrisanne3-13,0,0,1,0,0,0,0,0
Albums-Chrisanne3-14,0,0,1,0,0,0,0,0
Albums-Chrisanne3-15,0,0,1,0,0,0,0,0
Albums-Commitments-08,0,1,0,0,0,0,0,0
Albums-Commitments-10,0,1,0,0,0,0,0,0
Albums-Commitments-11,0,0,0,0,0,0,0,1
Albums-Fire-01,1,0,0,0,0,0,0,0
Albums-Fire-02,0,0,0,0,1,0,0,0
Albums-Fire-03,0,0,0,1,0,0,0,0
Albums-Fire-07,0,1,0,0,0,0,0,0
Albums-Fire-08,1,0,0,0,0,0,0,0
Albums-Fire-09,0,0,0,0,1,0,0,0
Albums-Fire-10,0,0,0,1,0,0,0,0
Albums-Fire-12,0,1,0,0,0,0,0,0
Albums-Fire-13,0,0,0,0,0,0,0,1
Albums-Fire-14,1,0,0,0,0,0,0,0
Albums-Fire-15,0,0,0,0,1,0,0,0
Albums-GloriaEstefan_MiTierra-01,0,0,0,1,0,0,0,0
Albums-GloriaEstefan_MiTierra-04,0,0,0,1,0,0,0,0
Albums-GloriaEstefan_MiTierra-06,0,0,0,1,0,0,0,0
Albums-GloriaEstefan_MiTierra-08,0,0,0,1,0,0,0,0
Albums-GloriaEstefan_MiTierra-11,0,0,0,1,0,0,0,0
Albums-I_Like_It2-01,1,0,0,0,0,0,0,0
Albums-I_Like_It2-02,1,0,0,0,0,0,0,0
Albums-I_Like_It2-09,0,0,0,1,0,0,0,0
Albums-Latin_Jam-01,1,0,0,0,0,0,0,0
Albums-Latin_Jam-02,0,0,0,1,0,0,0,0
Albums-Latin_Jam-03,0,0,0,0,1,0,0,0
Albums-Latin_Jam-04,1,0,0,0,0,0,0,0
Albums-Latin_Jam-05,0,0,0,1,0,0,0,0
Albums-Latin_Jam-06,0,0,0,0,1,0,0,0
Albums-Latin_Jam-07,1,0,0,0,0,0,0,0
Albums-Latin_Jam-08,0,0,0,1,0,0,0,0
Albums-Latin_Jam-09,0,0,0,0,1,0,0,0
Albums-Latin_Jam-11,0,1,0,0,0,0,0,0
Albums-Latin_Jam-12,0,1,0,0,0,0,0,0
Albums-Latin_Jam-13,1,0,0,0,0,0,0,0
Albums-Latin_Jam-14,0,0,0,1,0,0,0,0
Albums-Latin_Jam-15,0,0,0,0,1,0,0,0
Albums-Latin_Jam2-01,0,0,0,0,1,0,0,0
Albums-Latin_Jam2-02,0,0,0,0,1,0,0,0
Albums-Latin_Jam2-03,0,0,0,0,1,0,0,0
Albums-Latin_Jam2-04,1,0,0,0,0,0,0,0
Albums-Latin_Jam2-05,1,0,0,0,0,0,0,0
Albums-Latin_Jam2-06,1,0,0,0,0,0,0,0
Albums-Latin_Jam2-07,0,0,0,1,0,0,0,0
Albums-Latin_Jam2-08,0,0,0,1,0,0,0,0
Albums-Latin_Jam2-09,0,0,0,1,0,0,0,0
Albums-Latin_Jam2-11,0,1,0,0,0,0,0,0
Albums-Latin_Jam2-12,0,1,0,0,0,0,0,0
Albums-Latin_Jam2-13,1,0,0,0,0,0,0,0
Albums-Latin_Jam2-14,0,0,0,0,1,0,0,0
Albums-Latin_Jam2-15,0,0,0,1,0,0,0,0
Albums-Latin_Jam3-01,1,0,0,0,0,0,0,0
Albums-Latin_Jam3-02,1,0,0,0,0,0,0,0
Albums-Latin_Jam3-03,1,0,0,0,0,0,0,0
Albums-Latin_Jam3-04,0,0,0,0,1,0,0,0
Albums-Latin_Jam3-05,0,0,0,0,1,0,0,0
Albums-Latin_Jam3-06,0,0,0,0,1,0,0,0
Albums-Latin_Jam3-07,0,0,0,1,0,0,0,0
Albums-Latin_Jam3-08,0,0,0,1,0,0,0,0
Albums-Latin_Jam3-09,0,0,0,1,0,0,0,0
Albums-Latin_Jam3-11,0,1,0,0,0,0,0,0
Albums-Latin_Jam3-12,0,1,0,0,0,0,0,0
Albums-Latin_Jam4-01,1,0,0,0,0,0,0,0
Albums-Latin_Jam4-02,0,0,0,0,1,0,0,0
Albums-Latin_Jam4-03,0,0,0,1,0,0,0,0
Albums-Latin_Jam4-05,0,1,0,0,0,0,0,0
Albums-Latin_Jam4-06,1,0,0,0,0,0,0,0
Albums-Latin_Jam4-07,0,0,0,0,1,0,0,0
Albums-Latin_Jam4-08,0,0,0,1,0,0,0,0
Albums-Latin_Jam4-10,0,1,0,0,0,0,0,0
Albums-Latin_Jam4-11,1,0,0,0,0,0,0,0
Albums-Latin_Jam4-12,0,0,0,0,1,0,0,0
Albums-Latin_Jam4-13,0,0,0,1,0,0,0,0
Albums-Latin_Jam5-01,0,0,0,0,1,0,0,0
Albums-Latin_Jam5-02,1,0,0,0,0,0,0,0
Albums-Latin_Jam5-03,0,0,0,1,0,0,0,0
Albums-Latin_Jam5-04,0,1,0,0,0,0,0,0
Albums-Latin_Jam5-06,0,0,0,0,1,0,0,0
Albums-Latin_Jam5-07,1,0,0,0,0,0,0,0
Albums-Latin_Jam5-08,0,0,0,1,0,0,0,0
Albums-Latin_Jam5-09,0,1,0,0,0,0,0,0
Albums-Latin_Jam5-10,0,0,0,0,1,0,0,0
Albums-Latin_Jam5-11,1,0,0,0,0,0,0,0
Albums-Latin_Jam5-12,0,0,0,1,0,0,0,0
Albums-Latino_Latino-01,1,0,0,0,0,0,0,0
Albums-Latino_Latino-03,0,0,0,0,1,0,0,0
Albums-Latino_Latino-04,1,0,0,0,0,0,0,0
Albums-Latino_Latino-05,0,0,0,1,0,0,0,0
Albums-Latino_Latino-06,1,0,0,0,0,0,0,0
Albums-Latino_Latino-09,0,0,0,1,0,0,0,0
Albums-Latino_Latino-10,0,0,0,1,0,0,0,0
Albums-Macumba-01,1,0,0,0,0,0,0,0
Albums-Macumba-02,1,0,0,0,0,0,0,0
Albums-Macumba-03,1,0,0,0,0,0,0,0
Albums-Macumba-04,1,0,0,0,0,0,0,0
Albums-Macumba-05,0,0,0,0,1,0,0,0
Albums-Macumba-06,0,0,0,0,1,0,0,0
Albums-Macumba-07,0,0,0,0,1,0,0,0
Albums-Macumba-08,0,0,0,0,1,0,0,0
Albums-Macumba-09,0,0,0,1,0,0,0,0
Albums-Macumba-10,0,0,0,1,0,0,0,0
Albums-Macumba-11,0,0,0,1,0,0,0,0
Albums-Macumba-12,0,0,0,1,0,0,0,0
Albums-Macumba-14,0,1,0,0,0,0,0,0
Albums-Macumba-15,0,1,0,0,0,0,0,0
Albums-Macumba-16,0,1,0,0,0,0,0,0
Albums-Mambo_Kings-03,1,0,0,0,0,0,0,0
Albums-Mambo_Kings-10,1,0,0,0,0,0,0,0
Albums-Mambo_Kings-11,1,0,0,0,0,0,0,0
Albums-Mambo_Kings-12,1,0,0,0,0,0,0,0
Albums-Pais_Tropical-01,0,0,0,0,1,0,0,0
Albums-Pais_Tropical-02,0,0,0,0,1,0,0,0
Albums-Pais_Tropical-03,0,0,0,0,1,0,0,0
Albums-Pais_Tropical-04,0,0,0,0,1,0,0,0
Albums-Pais_Tropical-05,1,0,0,0,0,0,0,0
Albums-Pais_Tropical-06,1,0,0,0,0,0,0,0
Albums-Pais_Tropical-07,1,0,0,0,0,0,0,0
Albums-Pais_Tropical-08,1,0,0,0,0,0,0,0
Albums-Pais_Tropical-09,0,0,0,1,0,0,0,0
Albums-Pais_Tropical-10,0,0,0,1,0,0,0,0
Albums-Pais_Tropical-11,0,0,0,1,0,0,0,0
Albums-Pais_Tropical-12,0,0,0,1,0,0,0,0
Albums-Pais_Tropical-13,0,1,0,0,0,0,0,0
Albums-Pais_Tropical-14,0,1,0,0,0,0,0,0
Albums-Pais_Tropical-15,0,1,0,0,0,0,0,0
Albums-Pais_Tropical-16,0,1,0,0,0,0,0,0
Albums-Secret_Garden-01,0,0,0,0,0,0,0,1
Albums-Secret_Garden-02,0,0,0,0,0,0,0,1
Albums-Secret_Garden-05,0,0,0,0,0,0,0,1
Albums-Secret_Garden-06,0,0,0,0,0,0,0,1
Albums-Step_By_Step-01,0,0,0,0,0,0,0,1
Albums-Step_By_Step-02,0,0,0,0,0,0,0,1
Albums-Step_By_Step-03,0,0,0,0,0,0,0,1
Albums-Step_By_Step-04,0,0,0,0,0,0,0,1
Albums-Step_By_Step-05,0,0,0,0,0,1,0,0
Albums-Step_By_Step-06,0,0,0,0,0,1,0,0
Albums-Step_By_Step-07,0,0,0,0,0,1,0,0
Albums-Step_By_Step-08,0,0,0,0,0,1,0,0
Albums-Step_By_Step-09,0,0,0,0,0,0,1,0
Albums-Step_By_Step-10,0,0,0,0,0,0,1,0
Albums-Step_By_Step-11,0,0,0,0,0,0,1,0
Albums-Step_By_Step-15,0,0,1,0,0,0,0,0
Albums-Step_By_Step-16,0,0,1,0,0,0,0,0
Albums-Step_By_Step-17,0,0,1,0,0,0,0,0
Albums-Step_By_Step-18,0,0,1,0,0,0,0,0
Albums-StrictlyDancing_Tango-01,0,0,0,0,0,1,0,0
Albums-StrictlyDancing_Tango-02,0,0,0,0,0,1,0,0
Albums-StrictlyDancing_Tango-03,0,0,0,0,0,1,0,0
Albums-StrictlyDancing_Tango-04,0,0,0,0,0,1,0,0
Albums-StrictlyDancing_Tango-05,0,0,0,0,0,1,0,0
Albums-StrictlyDancing_Tango-06,0,0,0,0,0,1,0,0
Albums-StrictlyDancing_Tango-07,0,0,0,0,0,1,0,0
Albums-StrictlyDancing_Tango-08,0,0,0,0,0,1,0,0
Albums-StrictlyDancing_Tango-09,0,0,0,0,0,1,0,0
Albums-StrictlyDancing_Tango-10,0,0,0,0,0,1,0,0
Albums-StrictlyDancing_Tango-11,0,0,0,0,0,1,0,0
Albums-StrictlyDancing_Tango-12,0,0,0,0,0,1,0,0
Albums-StrictlyDancing_Tango-13,0,0,0,0,0,1,0,0
Albums-StrictlyDancing_Tango-14,0,0,0,0,0,1,0,0
Albums-StrictlyDancing_Tango-15,0,0,0,0,0,1,0,0
Media-100601,0,0,0,0,0,0,0,1
Media-100602,0,0,0,0,0,0,0,1
Media-100603,0,0,0,0,0,0,0,1
Media-100604,0,0,0,0,0,0,0,1
Media-100605,0,0,0,0,0,1,0,0
Media-100606,0,0,0,0,0,1,0,0
Media-100607,0,0,0,0,0,1,0,0
Media-100608,0,0,0,0,0,0,1,0
Media-100609,0,0,0,0,0,0,1,0
Media-100610,0,0,0,0,0,0,1,0
Media-100614,0,0,1,0,0,0,0,0
Media-100615,0,0,1,0,0,0,0,0
Media-100616,0,0,1,0,0,0,0,0
Media-103301,0,0,0,0,0,0,0,1
Media-103302,0,0,0,0,0,0,0,1
Media-103303,0,0,0,0,0,0,0,1
Media-103304,0,0,0,0,0,1,0,0
Media-103305,0,0,0,0,0,1,0,0
Media-103306,0,0,0,0,0,1,0,0
Media-103307,0,0,0,0,0,0,1,0
Media-103308,0,0,0,0,0,0,1,0
Media-103312,0,0,1,0,0,0,0,0
Media-103313,0,0,1,0,0,0,0,0
Media-103314,0,0,1,0,0,0,0,0
Media-103315,0,0,0,0,0,0,1,0
Media-103401,1,0,0,0,0,0,0,0
Media-103402,1,0,0,0,0,0,0,0
Media-103403,1,0,0,0,0,0,0,0
Media-103404,1,0,0,0,0,0,0,0
Media-103405,1,0,0,0,0,0,0,0
Media-103406,1,0,0,0,0,0,0,0
Media-103407,1,0,0,0,0,0,0,0
Media-103408,1,0,0,0,0,0,0,0
Media-103409,1,0,0,0,0,0,0,0
Media-103410,1,0,0,0,0,0,0,0
Media-103411,1,0,0,0,0,0,0,0
Media-103412,1,0,0,0,0,0,0,0
Media-103413,1,0,0,0,0,0,0,0
Media-103414,1,0,0,0,0,0,0,0
Media-103415,1,0,0,0,0,0,0,0
Media-103416,1,0,0,0,0,0,0,0
Media-103417,1,0,0,0,0,0,0,0
Media-103501,0,0,0,0,1,0,0,0
Media-103502,0,0,0,0,1,0,0,0
Media-103503,0,0,0,0,1,0,0,0
Media-103504,0,0,0,0,1,0,0,0
Media-103505,0,0,0,0,1,0,0,0
Media-103506,0,0,0,0,1,0,0,0
Media-103507,1,0,0,0,0,0,0,0
Media-103508,1,0,0,0,0,0,0,0
Media-103509,1,0,0,0,0,0,0,0
Media-103510,1,0,0,0,0,0,0,0
Media-103511,0,0,0,1,0,0,0,0
Media-103512,0,0,0,1,0,0,0,0
Media-103513,0,0,0,1,0,0,0,0
Media-103514,0,0,0,1,0,0,0,0
Media-103515,0,1,0,0,0,0,0,0
Media-103516,0,1,0,0,0,0,0,0
Media-103517,0,1,0,0,0,0,0,0
Media-103601,1,0,0,0,0,0,0,0
Media-103602,1,0,0,0,0,0,0,0
Media-103603,1,0,0,0,0,0,0,0
Media-103604,1,0,0,0,0,0,0,0
Media-103605,0,0,0,0,1,0,0,0
Media-103606,0,0,0,0,1,0,0,0
Media-103607,0,0,0,0,1,0,0,0
Media-103608,0,0,0,1,0,0,0,0
Media-103609,0,0,0,1,0,0,0,0
Media-103610,0,0,0,1,0,0,0,0
Media-103611,0,1,0,0,0,0,0,0
Media-103612,0,1,0,0,0,0,0,0
Media-103613,0,1,0,0,0,0,0,0
Media-103614,0,1,0,0,0,0,0,0
Media-103615,0,0,0,1,0,0,0,0
Media-103616,0,0,0,1,0,0,0,0
Media-103617,1,0,0,0,0,0,0,0
Media-103618,0,0,0,0,1,0,0,0
Media-103619,0,1,0,0,0,0,0,0
Media-103701,1,0,0,0,0,0,0,0
Media-103702,1,0,0,0,0,0,0,0
Media-103703,1,0,0,0,0,0,0,0
Media-103704,1,0,0,0,0,0,0,0
Media-103705,0,0,0,0,1,0,0,0
Media-103706,0,0,0,0,1,0,0,0
Media-103707,0,0,0,0,1,0,0,0
Media-103708,0,0,0,0,1,0,0,0
Media-103709,0,0,0,1,0,0,0,0
Media-103710,0,0,0,1,0,0,0,0
Media-103711,0,0,0,1,0,0,0,0
Media-103712,0,0,0,1,0,0,0,0
Media-103713,0,1,0,0,0,0,0,0
Media-103714,0,1,0,0,0,0,0,0
Media-103715,0,0,0,0,1,0,0,0
Media-103716,1,0,0,0,0,0,0,0
Media-103717,0,0,0,1,0,0,0,0
Media-103718,0,1,0,0,0,0,0,0
Media-103719,0,1,0,0,0,0,0,0
Media-103801,1,0,0,0,0,0,0,0
Media-103802,1,0,0,0,0,0,0,0
Media-103803,1,0,0,0,0,0,0,0
Media-103804,1,0,0,0,0,0,0,0
Media-103805,0,0,0,0,1,0,0,0
Media-103806,0,0,0,0,1,0,0,0
Media-103807,0,0,0,0,1,0,0,0
Media-103808,0,0,0,0,1,0,0,0
Media-103809,0,0,0,1,0,0,0,0
Media-103810,0,0,0,1,0,0,0,0
Media-103811,0,0,0,1,0,0,0,0
Media-103812,0,0,0,1,0,0,0,0
Media-103813,0,1,0,0,0,0,0,0
Media-103814,0,1,0,0,0,0,0,0
Media-103815,0,0,0,0,1,0,0,0
Media-103816,1,0,0,0,0,0,0,0
Media-103817,0,0,0,1,0,0,0,0
Media-103818,0,0,0,1,0,0,0,0
Media-103819,0,1,0,0,0,0,0,0
Media-103901,0,0,0,0,1,0,0,0
Media-103902,0,0,0,0,1,0,0,0
Media-103903,0,0,0,0,1,0,0,0
Media-103904,0,0,0,0,1,0,0,0
Media-103905,0,0,0,0,1,0,0,0
Media-103906,1,0,0,0,0,0,0,0
Media-103907,1,0,0,0,0,0,0,0
Media-103908,1,0,0,0,0,0,0,0
Media-103909,1,0,0,0,0,0,0,0
Media-103910,1,0,0,0,0,0,0,0
Media-103911,0,0,0,1,0,0,0,0
Media-103912,0,0,0,1,0,0,0,0
Media-103913,0,0,0,1,0,0,0,0
Media-103914,0,0,0,1,0,0,0,0
Media-103917,0,1,0,0,0,0,0,0
Media-103918,0,1,0,0,0,0,0,0
Media-103919,0,1,0,0,0,0,0,0
Media-103920,0,1,0,0,0,0,0,0
Media-104001,0,0,0,0,1,0,0,0
Media-104002,0,0,0,0,1,0,0,0
Media-104003,0,0,0,0,1,0,0,0
Media-104004,0,0,0,0,1,0,0,0
Media-104005,0,0,0,1,0,0,0,0
Media-104006,0,0,0,1,0,0,0,0
Media-104007,0,0,0,1,0,0,0,0
Media-104008,0,0,0,1,0,0,0,0
Media-104009,1,0,0,0,0,0,0,0
Media-104010,1,0,0,0,0,0,0,0
Media-104011,1,0,0,0,0,0,0,0
Media-104012,1,0,0,0,0,0,0,0
Media-104015,0,1,0,0,0,0,0,0
Media-104016,0,1,0,0,0,0,0,0
Media-104017,0,1,0,0,0,0,0,0
Media-104101,0,0,0,0,1,0,0,0
Media-104102,0,0,0,0,1,0,0,0
Media-104103,0,0,0,0,1,0,0,0
Media-104104,0,0,0,0,1,0,0,0
Media-104105,0,0,0,0,1,0,0,0
Media-104106,1,0,0,0,0,0,0,0
Media-104107,1,0,0,0,0,0,0,0
Media-104108,1,0,0,0,0,0,0,0
Media-104109,1,0,0,0,0,0,0,0
Media-104110,1,0,0,0,0,0,0,0
Media-104111,1,0,0,0,0,0,0,0
Media-104112,0,0,0,1,0,0,0,0
Media-104113,0,0,0,1,0,0,0,0
Media-104114,0,0,0,1,0,0,0,0
Media-104115,0,0,0,1,0,0,0,0
Media-104116,0,1,0,0,0,0,0,0
Media-104117,0,1,0,0,0,0,0,0
Media-104118,0,1,0,0,0,0,0,0
Media-104119,0,1,0,0,0,0,0,0
Media-104201,0,0,0,0,0,0,0,1
Media-104202,0,0,0,0,0,0,0,1
Media-104203,0,0,0,0,0,0,0,1
Media-104204,0,0,0,0,0,0,0,1
Media-104205,0,0,0,0,0,0,0,1
Media-104206,0,0,0,0,0,1,0,0
Media-104207,0,0,0,0,0,1,0,0
Media-104208,0,0,0,0,0,1,0,0
Media-104209,0,0,0,0,0,0,1,0
Media-104210,0,0,0,0,0,0,1,0
Media-104211,0,0,0,0,0,0,1,0
Media-104212,0,0,0,0,0,0,1,0
Media-104216,0,0,1,0,0,0,0,0
Media-104217,0,0,1,0,0,0,0,0
Media-104218,0,0,1,0,0,0,0,0
Media-104219,0,0,1,0,0,0,0,0
Media-104301,0,0,0,0,0,0,0,1
Media-104302,0,0,0,0,0,0,0,1
Media-104303,0,0,0,0,0,0,0,1
Media-104304,0,0,0,0,0,1,0,0
Media-104305,0,0,0,0,0,1,0,0
Media-104306,0,0,0,0,0,1,0,0
Media-104307,0,0,0,0,0,0,1,0
Media-104308,0,0,0,0,0,0,1,0
Media-104309,0,0,0,0,0,0,1,0
Media-104314,0,0,1,0,0,0,0,0
Media-104315,0,0,1,0,0,0,0,0
Media-104316,0,0,1,0,0,0,0,0
Media-104317,0,0,1,0,0,0,0,0
Media-104401,0,0,0,0,0,0,0,1
Media-104402,0,0,0,0,0,0,0,1
Media-104403,0,0,0,0,0,0,0,1
Media-104404,0,0,0,0,0,1,0,0
Media-104405,0,0,0,0,0,1,0,0
Media-104406,0,0,0,0,0,0,1,0
Media-104407,0,0,0,0,0,0,1,0
Media-104408,0,0,0,0,0,0,1,0
Media-104409,0,0,0,0,0,0,1,0
Media-104415,0,0,1,0,0,0,0,0
Media-104416,0,0,1,0,0,0,0,0
Media-104417,0,0,1,0,0,0,0,0
Media-104418,0,0,1,0,0,0,0,0
Media-104501,0,0,0,0,0,0,0,1
Media-104502,0,0,0,0,0,0,0,1
Media-104503,0,0,0,0,0,0,0,1
Media-104504,0,0,0,0,0,0,0,1
Media-104505,0,0,0,0,0,1,0,0
Media-104506,0,0,0,0,0,1,0,0
Media-104507,0,0,0,0,0,0,1,0
Media-104508,0,0,0,0,0,0,1,0
Media-104514,0,0,1,0,0,0,0,0
Media-104515,0,0,1,0,0,0,0,0
Media-104516,0,0,1,0,0,0,0,0
Media-104601,0,0,0,0,0,0,0,1
Media-104602,0,0,0,0,0,0,0,1
Media-104603,0,0,0,0,0,0,0,1
Media-104604,0,0,0,0,0,0,0,1
Media-104605,0,0,0,0,0,1,0,0
Media-104606,0,0,0,0,0,1,0,0
Media-104607,0,0,0,0,0,0,1,0
Media-104608,0,0,0,0,0,0,1,0
Media-104609,0,0,0,0,0,0,1,0
Media-104615,0,0,1,0,0,0,0,0
Media-104616,0,0,1,0,0,0,0,0
Media-104617,0,0,1,0,0,0,0,0
Media-104618,0,0,1,0,0,0,0,0
Media-104701,0,0,0,0,0,0,0,1
Media-104702,0,0,0,0,0,0,0,1
Media-104703,0,0,0,0,0,0,0,1
Media-104704,0,0,0,0,0,0,0,1
Media-104705,0,0,0,0,0,0,0,1
Media-104706,0,0,0,0,0,1,0,0
Media-104707,0,0,0,0,0,1,0,0
Media-104708,0,0,0,0,0,1,0,0
Media-104709,0,0,0,0,0,1,0,0
Media-104710,0,0,0,0,0,1,0,0
Media-104711,0,0,0,0,0,0,1,0
Media-104712,0,0,0,0,0,0,1,0
Media-104716,0,0,1,0,0,0,0,0
Media-104717,0,0,1,0,0,0,0,0
Media-104718,0,0,1,0,0,0,0,0
Media-104801,0,0,0,0,0,0,0,1
Media-104802,0,0,0,0,0,0,0,1
Media-104803,0,0,0,0,0,0,0,1
Media-104804,0,0,0,0,0,0,0,1
Media-104805,0,0,0,0,0,0,0,1
Media-104806,0,0,0,0,0,1,0,0
Media-104807,0,0,0,0,0,1,0,0
Media-104808,0,0,0,0,0,1,0,0
Media-104809,0,0,0,0,0,0,1,0
Media-104810,0,0,0,0,0,0,1,0
Media-104811,0,0,0,0,0,0,1,0
Media-104815,0,0,1,0,0,0,0,0
Media-104816,0,0,1,0,0,0,0,0
Media-104901,0,0,0,0,0,0,0,1
Media-104902,0,0,0,0,0,0,0,1
Media-104903,0,0,0,0,0,0,0,1
Media-104904,0,0,0,0,0,0,0,1
Media-104905,0,0,0,0,0,0,0,1
Media-104906,0,0,0,0,0,1,0,0
Media-104907,0,0,0,0,0,1,0,0
Media-104908,0,0,0,0,0,0,1,0
Media-104909,0,0,0,0,0,0,1,0
Media-104915,0,0,1,0,0,0,0,0
Media-104916,0,0,1,0,0,0,0,0
Media-104917,0,0,1,0,0,0,0,0
Media-104918,0,0,1,0,0,0,0,0
Media-105001,0,0,0,0,0,0,0,1
Media-105002,0,0,0,0,0,0,0,1
Media-105003,0,0,0,0,0,0,0,1
Media-105004,0,0,0,0,0,0,0,1
Media-105005,0,0,0,0,0,0,0,1
Media-105006,0,0,0,0,0,0,0,1
Media-105007,0,0,0,0,0,0,0,1
Media-105008,0,0,0,0,0,1,0,0
Media-105009,0,0,0,0,0,1,0,0
Media-105010,0,0,0,0,0,0,1,0
Media-105011,0,0,0,0,0,0,1,0
Media-105016,0,0,1,0,0,0,0,0
Media-105017,0,0,1,0,0,0,0,0
Media-105018,0,0,1,0,0,0,0,0
Media-105019,0,0,1,0,0,0,0,0
Media-105020,0,0,1,0,0,0,0,0
Media-105101,0,0,0,0,0,0,0,1
Media-105102,0,0,0,0,0,0,0,1
Media-105103,0,0,0,0,0,0,0,1
Media-105104,0,0,0,0,0,0,0,1
Media-105105,0,0,0,0,0,0,0,1
Media-105106,0,0,0,0,0,0,0,1
Media-105107,0,0,0,0,0,1,0,0
Media-105108,0,0,0,0,0,1,0,0
Media-105109,0,0,0,0,0,1,0,0
Media-105110,0,0,0,0,0,0,1,0
Media-105111,0,0,0,0,0,0,1,0
Media-105112,0,0,0,0,0,0,1,0
Media-105119,0,0,1,0,0,0,0,0
Media-105120,0,0,1,0,0,0,0,0
Media-105121,0,0,1,0,0,0,0,0
Media-105122,0,0,1,0,0,0,0,0
Media-105207,0,0,1,0,0,0,0,0
Media-105209,0,0,0,1,0,0,0,0
Media-105210,0,0,0,0,0,0,0,1
Media-105211,0,0,0,0,0,0,0,1
Media-105212,0,0,0,0,0,0,0,1
Media-105213,0,0,0,0,0,0,0,1
Media-105214,0,0,0,0,0,0,0,1
Media-105215,0,0,0,0,0,0,0,1
Media-105301,0,0,0,0,0,0,0,1
Media-105302,0,0,0,0,0,0,0,1
Media-105303,0,0,0,0,0,0,0,1
Media-105304,0,0,0,0,0,0,0,1
Media-105305,0,0,0,0,0,1,0,0
Media-105306,0,0,0,0,0,1,0,0
Media-105307,0,0,0,0,0,0,1,0
Media-105308,0,0,0,0,0,0,1,0
Media-105309,0,0,0,0,0,0,1,0
Media-105313,0,0,1,0,0,0,0,0
Media-105314,0,0,1,0,0,0,0,0
Media-105315,0,0,1,0,0,0,0,0
Media-105316,0,0,0,0,0,0,0,1
Media-105317,0,0,0,0,0,1,0,0
Media-105318,0,0,0,0,0,0,1,0
Media-105320,0,0,1,0,0,0,0,0
Media-105401,0,0,0,0,1,0,0,0
Media-105402,0,0,0,0,1,0,0,0
Media-105403,0,0,0,0,1,0,0,0
Media-105404,0,0,0,0,1,0,0,0
Media-105405,1,0,0,0,0,0,0,0
Media-105406,1,0,0,0,0,0,0,0
Media-105407,1,0,0,0,0,0,0,0
Media-105408,0,0,0,1,0,0,0,0
Media-105409,0,0,0,1,0,0,0,0
Media-105410,0,0,0,1,0,0,0,0
Media-105411,0,0,0,1,0,0,0,0
Media-105412,0,0,0,1,0,0,0,0
Media-105413,0,1,0,0,0,0,0,0
Media-105414,0,1,0,0,0,0,0,0
Media-105415,0,1,0,0,0,0,0,0
Media-105416,0,0,0,0,1,0,0,0
Media-105417,1,0,0,0,0,0,0,0
Media-105418,0,0,0,1,0,0,0,0
Media-105419,0,0,0,1,0,0,0,0
Media-105420,0,1,0,0,0,0,0,0
Media-105501,0,0,0,0,0,0,0,1
Media-105502,0,0,0,0,0,0,0,1
Media-105503,0,0,0,0,0,0,0,1
Media-105504,0,0,0,0,0,0,0,1
Media-105505,0,0,0,0,0,1,0,0
Media-105506,0,0,0,0,0,1,0,0
Media-105507,0,0,0,0,0,1,0,0
Media-105508,0,0,0,0,0,1,0,0
Media-105509,0,0,0,0,0,0,1,0
Media-105510,0,0,0,0,0,0,1,0
Media-105511,0,0,0,0,0,0,1,0
Media-105516,0,0,1,0,0,0,0,0
Media-105517,0,0,1,0,0,0,0,0
Media-105518,0,0,1,0,0,0,0,0
Media-105601,1,0,0,0,0,0,0,0
Media-105602,1,0,0,0,0,0,0,0
Media-105603,1,0,0,0,0,0,0,0
Media-105604,1,0,0,0,0,0,0,0
Media-105605,1,0,0,0,0,0,0,0
Media-105606,0,0,0,0,1,0,0,0
Media-105607,0,0,0,0,1,0,0,0
Media-105608,0,0,0,0,1,0,0,0
Media-105609,0,0,0,0,1,0,0,0
Media-105611,0,0,0,1,0,0,0,0
Media-105612,0,0,0,1,0,0,0,0
Media-105613,0,0,0,1,0,0,0,0
Media-105614,0,0,0,1,0,0,0,0
Media-105615,0,0,0,1,0,0,0,0
Media-105701,0,0,0,0,0,0,0,1
Media-105702,0,0,0,0,0,0,0,1
Media-105703,0,0,0,0,0,0,0,1
Media-105704,0,0,0,0,0,0,0,1
Media-105705,0,0,0,0,0,1,0,0
Media-105706,0,0,0,0,0,1,0,0
Media-105707,0,0,0,0,0,1,0,0
Media-105708,0,0,0,0,0,0,1,0
Media-105709,0,0,0,0,0,0,1,0
Media-105710,0,0,0,0,0,0,1,0
Media-105715,0,0,1,0,0,0,0,0
Media-105716,0,0,1,0,0,0,0,0
Media-105717,0,0,1,0,0,0,0,0
Media-105801,0,0,0,0,0,0,0,1
Media-105802,0,0,0,0,0,0,0,1
Media-105803,0,0,0,0,0,0,0,1
Media-105804,0,0,0,0,0,0,0,1
Media-105805,0,0,0,0,0,0,0,1
Media-105806,0,0,0,0,0,1,0,0
Media-105807,0,0,0,0,0,1,0,0
Media-105808,0,0,0,0,0,1,0,0
Media-105809,0,0,0,0,0,0,1,0
Media-105810,0,0,0,0,0,0,1,0
Media-105811,0,0,0,0,0,0,1,0
Media-105812,0,0,0,0,0,0,1,0
Media-105816,0,0,1,0,0,0,0,0
Media-105817,0,0,1,0,0,0,0,0
Media-105818,0,0,1,0,0,0,0,0
Media-105819,0,0,1,0,0,0,0,0
Media-105820,0,0,1,0,0,0,0,0
Media-105901,0,0,0,0,0,0,0,1
Media-105902,0,0,0,0,0,0,0,1
Media-105903,0,0,0,0,0,1,0,0
Media-105904,0,0,0,0,0,1,0,0
Media-105905,0,0,0,0,0,1,0,0
Media-105906,0,0,0,0,0,1,0,0
Media-105907,0,0,0,0,0,0,1,0
Media-105911,0,0,1,0,0,0,0,0
Media-105912,0,0,1,0,0,0,0,0
Media-105913,0,0,1,0,0,0,0,0
Media-105914,0,0,1,0,0,0,0,0
Media-106001,0,0,0,0,1,0,0,0
Media-106002,0,0,0,0,1,0,0,0
Media-106003,0,0,0,0,1,0,0,0
Media-106004,0,0,0,0,1,0,0,0
Media-106005,1,0,0,0,0,0,0,0
Media-106006,1,0,0,0,0,0,0,0
Media-106007,1,0,0,0,0,0,0,0
Media-106008,1,0,0,0,0,0,0,0
Media-106009,0,0,0,1,0,0,0,0
Media-106010,0,0,0,1,0,0,0,0
Media-106011,0,0,0,1,0,0,0,0
Media-106012,0,0,0,1,0,0,0,0
Media-106015,0,1,0,0,0,0,0,0
Media-106016,0,1,0,0,0,0,0,0
Media-106017,0,1,0,0,0,0,0,0
Media-106101,1,0,0,0,0,0,0,0
Media-106102,1,0,0,0,0,0,0,0
Media-106103,1,0,0,0,0,0,0,0
Media-106104,1,0,0,0,0,0,0,0
Media-106105,1,0,0,0,0,0,0,0
Media-106106,0,0,0,0,1,0,0,0
Media-106107,0,0,0,0,1,0,0,0
Media-106108,0,0,0,0,1,0,0,0
Media-106109,0,0,0,0,1,0,0,0
Media-106110,0,0,0,1,0,0,0,0
Media-106111,0,0,0,1,0,0,0,0
Media-106112,0,0,0,1,0,0,0,0
Media-106113,0,0,0,1,0,0,0,0
Media-106114,0,1,0,0,0,0,0,0
Media-106115,0,1,0,0,0,0,0,0
Media-106116,0,1,0,0,0,0,0,0
Media-106117,1,0,0,0,0,0,0,0
Media-106118,0,0,0,0,1,0,0,0
Media-106119,0,0,0,1,0,0,0,0
